193.24.178.193,
34.219.197.254,
88.68.47.182,
226.28.66.74,
24.118.156.74,
238.2.161.74,
21.159.68.161,
125.39.106.135,
149.216.162.112,
52.180.167.208,
148.70.49.97,
24.136.130.60,
125.143.22.4,
196.212.149.161,
21.55.221.2,
111.242.252.34,
243.21.130.55,
70.211.207.91,
104.72.228.151,
89.13.243.66,
151.6.59.211,
84.0.134.215,
21.254.135.82,
140.196.2.72,
4.254.136.91,
197.103.184.79,
154.30.31.83,
82.161.32.97,
148.216.43.70,
233.42.207.142,
144.223.30.106,
95.4.186.165,
2.93.186.43,
199.252.242.88,
173.30.28.179,
92.3.154.195,
212.182.115.178,
192.2.211.195,
0.28.151.180,
218.84.4.216,
55.239.211.203,
74.30.176.24,
65.100.3.199,
254.14.181.239,
212.173.180.111,
198.193.156.103,
231.179.91.26,
34.123.199.2,
94.115.254.240,
153.231.178.62,
149.126.203.40,
172.5.64.112,
199.220.193.130,
144.196.203.242,
180.83.73.230,
122.72.230.180,
223.91.104.115,
60.36.151.5,
23.180.30.98,
159.240.42.134,
203.192.82.239,
42.82.60.49,
203.74.103.24,
48.179.211.28,
195.33.198.97,
218.130.226.82,
197.97.252.122,
94.165.140.119,
91.131.68.150,
47.172.16.115,
239.199.180.217,
204.239.16.9,
83.219.111.95,
119.73.204.2,
195.237.126.82,
117.140.162.60,
252.238.243.153,
28.187.162.0,
128.24.49.119,
52.233.104.32,
97.33.229.36,
26.5.55.79,
20.244.170.148,
28.204.192.197,
56.39.81.31,
5.113.73.220,
154.53.70.150,
249.136.193.45,
220.31.172.254,
31.39.193.32,
52.8.126.74,
82.179.68.119,
197.165.197.204,
239.49.171.4,
196.22.111.151,
47.156.47.241,
33.106.11.186,
26.45.107.134,
207.26.100.32,
240.103.56.244,
166.180.111.34,
82.11.241.74,
49.212.53.92,
192.144.112.4,
42.113.13.136,
61.144.206.206,
192.119.229.30,
88.162.2.55,
14.34.40.72,
81.16.223.94,
112.218.218.106,
66.32.167.97,
165.32.104.207,
26.252.13.4,
115.182.113.24,
131.195.206.103,
79.219.126.49,
144.180.203.151,
239.226.216.196,
254.229.61.130,
242.118.115.5,
254.195.226.207,
53.175.150.192,
179.36.48.9,
216.55.207.211,
151.86.97.166,
35.5.211.181,
32.89.167.115,
128.78.172.117,
59.165.244.219,
212.225.42.123,
74.32.104.79,
70.31.45.139,
36.106.126.215,
104.124.47.218,
125.88.89.199,
45.128.82.151,
49.207.144.34,
55.140.49.20,
26.111.109.2,
181.34.175.78,
150.26.226.107,
144.115.83.174,
97.97.100.239,
103.165.64.60,
52.88.182.83,
216.161.97.218,
192.203.72.83,
171.193.88.109,
14.98.49.52,
13.9.140.112,
123.55.48.181,
131.13.65.138,
160.83.40.52,
165.126.24.109,
24.53.122.43,
45.82.74.212,
225.70.130.33,
198.119.92.196,
106.73.238.186,
28.218.244.45,
240.49.122.111,
72.115.106.21,
113.252.252.139,
167.221.33.70,
238.143.100.125,
124.4.88.95,
60.172.31.5,
26.81.74.130,
83.48.178.241,
123.111.254.11,
111.187.152.70,
126.70.112.115,
74.134.178.104,
193.5.2.182,
70.182.82.100,
118.4.68.115,
161.97.207.59,
225.48.83.148,
244.193.83.178,
151.82.4.180,
74.66.154.35,
152.231.49.0,
86.148.225.225,
217.82.126.228,
181.160.68.8,
226.91.195.233,
47.178.68.172,
33.131.218.115,
198.237.131.34,
240.187.62.151,
207.20.150.218,
216.45.88.104,
68.2.170.30,
111.9.254.68,
55.126.31.32,
100.124.11.83,
130.93.151.94,
5.111.60.78,
196.175.56.197,
88.212.32.212,
93.30.195.78,
106.254.89.53,
124.30.74.118,
230.180.32.206,
53.92.172.180,
26.119.174.74,
40.153.52.97,
69.48.115.36,
118.221.215.70,
203.69.109.74,
195.2.165.124,
97.112.68.148,
88.45.26.52,
5.204.117.104,
82.220.103.11,
100.66.31.24,
74.78.45.28,
136.24.122.195,
204.178.138.111,
180.115.208.149,
181.4.218.0,
212.4.192.109,
95.217.144.31,
36.70.241.226,
230.219.55.179,
126.226.126.72,
219.126.14.28,
167.215.226.26,
199.208.111.225,
123.16.35.45,
62.178.239.79,
135.160.5.207,
82.4.221.186,
28.212.161.226,
195.82.112.138,
240.122.193.74,
28.82.223.187,
32.138.97.124,
165.73.72.195,
136.179.180.117,
138.143.212.233,
159.70.49.192,
4.69.149.130,
14.39.207.97,
48.173.26.162,
112.79.180.203,
30.187.74.56,
149.74.195.107,
93.32.103.126,
223.100.49.126,
149.124.45.66,
152.249.217.172,
23.193.62.184,
153.31.42.139,
115.6.161.78,
79.206.219.79,
119.5.5.161,
117.134.126.112,
88.180.74.126,
43.243.233.223,
3.207.82.91,
104.221.14.203,
6.74.88.4,
130.151.131.131,
148.30.28.92,
28.156.128.13,
243.97.5.195,
197.109.135.203,
82.212.109.156,
170.196.0.31,
174.149.199.243,
53.124.228.48,
173.119.5.193,
149.171.107.211,
48.32.193.34,
70.240.59.32,
45.82.140.126,
31.32.216.2,
216.13.225.48,
115.24.107.198,
159.126.211.31,
198.206.97.192,
30.238.233.103,
100.126.134.13,
126.151.197.72,
92.171.226.238,
112.237.180.199,
53.82.160.193,
45.198.130.100,
207.126.140.109,
239.231.179.8,
111.143.254.16,
26.20.24.197,
103.30.126.32,
48.215.49.93,
143.106.216.68,
249.4.36.65,
61.118.55.151,
228.216.172.20,
89.175.153.28,
65.242.28.34,
47.92.23.229,
182.249.31.161,
249.112.144.68,
32.195.39.175,
130.23.88.151,
203.113.45.49,
86.5.11.88,
45.130.130.68,
208.49.217.78,
140.36.196.208,
178.165.186.45,
119.28.159.68,
195.233.199.60,
180.125.180.230,
2.2.2.4,
28.160.112.207,
28.249.212.43,
100.182.2.182,
43.22.192.123,
199.165.79.48,
135.91.123.103,
39.93.45.211,
104.32.192.239,
64.4.207.220,
111.86.230.28,
97.149.48.93,
111.88.156.65,
45.160.4.198,
161.52.179.126,
91.152.40.109,
45.82.95.151,
152.106.31.173,
82.115.166.82,
81.104.156.207,
2.52.215.107,
112.117.126.5,
208.82.123.216,
204.84.233.193,
193.5.124.216,
149.195.26.69,
14.16.217.126,
195.237.111.45,
43.104.182.252,
175.3.45.173,
49.61.112.40,
73.161.216.70,
216.175.239.62,
179.11.215.193,
196.136.22.97,
252.230.124.79,
211.52.62.34,
52.240.135.48,
175.89.79.151,
86.171.161.230,
109.47.212.204,
70.154.151.5,
181.106.215.239,
47.192.220.218,
56.231.195.179,
212.130.139.60,
180.56.254.35,
74.130.94.151,
178.212.111.254,
82.125.43.208,
239.61.79.82,
199.48.212.181,
175.45.9.126,
39.26.135.48,
31.115.171.216,
11.115.100.217,
61.82.159.8,
252.126.192.192,
81.165.93.241,
156.225.89.73,
170.143.172.193,
223.49.226.56,
49.172.159.184,
59.199.238.79,
192.124.36.28,
148.130.226.198,
56.49.212.198,
68.237.138.230,
130.5.187.117,
13.104.31.30,
11.68.154.52,
93.74.115.131,
207.26.207.97,
219.109.165.91,
13.171.2.52,
84.124.106.4,
140.143.4.192,
98.47.115.140,
203.159.123.31,
192.104.192.2,
112.86.49.192,
151.229.4.176,
69.111.72.82,
26.40.43.187,
112.241.14.97,
4.254.83.49,
81.161.45.152,
193.206.49.45,
126.179.211.97,
192.199.178.35,
33.24.31.43,
31.252.136.8,
53.30.172.43,
30.231.220.217,
111.125.82.109,
79.254.192.171,
36.109.223.28,
79.103.150.31,
122.86.45.221,
83.252.68.49,
74.126.0.172,
40.5.154.2,
11.88.78.13,
130.66.30.148,
180.88.14.112,
142.104.184.94,
126.124.204.70,
113.30.216.125,
118.43.124.109,
242.233.113.45,
136.61.32.97,
144.55.28.107,
226.49.148.117,
115.240.112.171,
197.175.31.79,
244.173.92.130,
170.161.181.23,
2.119.115.36,
48.192.135.212,
207.148.193.86,
33.182.148.79,
167.123.126.97,
61.228.88.162,
4.43.4.74,
43.82.112.74,
203.178.128.0,
111.193.31.115,
174.5.173.24,
128.123.82.124,
82.152.83.198,
167.144.219.111,
195.65.52.196,
49.198.233.174,
93.13.56.49,
103.203.4.218,
3.228.70.82,
64.139.243.211,
126.74.115.238,
28.142.11.216,
165.43.97.84,
82.150.252.125,
31.4.88.239,
42.65.176.111,
45.126.180.88,
152.59.184.187,
172.122.23.104,
21.134.56.32,
139.197.31.131,
6.192.88.53,
148.111.68.91,
126.131.52.159,
68.203.82.178,
178.74.40.65,
124.97.5.22,
34.84.92.98,
237.124.107.186,
159.139.61.115,
207.237.70.33,
212.88.175.207,
111.238.226.115,
212.126.39.152,
109.238.223.122,
5.45.197.103,
30.23.239.100,
28.131.242.28,
4.199.13.45,
83.226.32.212,
172.203.49.219,
228.195.125.115,
88.130.249.182,
39.35.16.170,
130.211.180.68,
92.95.219.111,
26.24.228.126,
107.130.126.64,
203.31.233.74,
36.249.98.70,
13.84.52.192,
95.228.144.179,
178.111.64.170,
4.28.186.180,
6.124.49.149,
112.179.197.159,
69.162.138.74,
211.252.180.111,
4.68.61.203,
92.149.8.103,
107.195.68.237,
130.212.97.30,
4.112.31.79,
162.216.81.140,
2.187.193.181,
5.176.178.11,
16.109.193.211,
238.30.5.131,
14.152.92.111,
149.49.195.45,
91.59.178.238,
216.175.130.115,
197.122.43.52,
165.88.106.83,
170.254.124.219,
226.2.172.11,
154.83.30.104,
151.195.161.254,
103.115.142.24,
28.113.217.95,
138.5.82.123,
151.126.254.72,
111.104.36.28,
103.52.193.32,
21.117.73.111,
88.151.3.30,
81.31.32.242,
47.204.208.42,
104.203.66.178,
112.92.5.125,
192.166.241.176,
34.254.47.109,
93.139.9.159,
45.172.159.152,
254.136.252.149,
196.92.89.30,
65.88.179.203,
30.229.150.20,
184.142.215.198,
52.130.4.180,
126.13.178.4,
106.28.112.84,
225.60.5.151,
88.5.225.237,
4.113.134.111,
175.125.166.43,
73.149.74.156,
45.118.225.35,
111.173.208.252,
206.83.39.30,
237.179.33.5,
45.237.98.45,
68.238.197.52,
223.142.5.207,
179.112.43.49,
70.82.78.151,
124.178.148.100,
2.106.161.237,
204.211.241.112,
204.242.74.180,
82.130.22.68,
211.6.48.106,
130.152.195.31,
239.142.2.212,
33.174.165.148,
93.134.103.228,
136.115.92.79,
161.88.196.199,
130.130.125.83,
167.159.179.49,
231.28.156.195,
64.123.233.198,
88.83.178.254,
97.230.154.45,
118.182.4.252,
3.159.4.31,
216.161.82.91,
111.203.66.229,
97.60.130.64,
161.148.24.226,
115.239.174.154,
229.2.176.150,
153.2.179.195,
178.97.175.88,
49.45.252.47,
226.26.64.111,
125.153.52.252,
4.231.13.252,
207.28.220.45,
23.167.43.74,
172.140.20.64,
92.175.196.70,
111.82.31.42,
62.216.113.174,
178.161.152.9,
176.240.135.73,
195.225.118.180,
93.140.68.119,
252.181.197.142,
106.106.97.31,
74.111.24.216,
119.240.26.35,
47.72.79.192,
193.203.28.187,
31.52.86.30,
249.3.5.52,
160.2.203.8,
126.74.175.229,
45.83.65.24,
187.254.43.135,
216.5.193.171,
84.74.55.216,
151.181.254.207,
78.186.207.88,
32.28.52.45,
88.241.40.212,
216.97.104.204,
167.49.161.21,
115.171.136.233,
33.204.159.69,
154.60.111.219,
30.2.238.215,
181.4.166.64,
43.83.91.174,
82.31.70.21,
73.52.212.131,
106.192.70.203,
74.172.130.151,
171.91.70.159,
42.20.74.161,
92.179.111.174,
45.172.79.64,
126.126.175.198,
207.216.180.119,
241.243.220.131,
149.16.207.94,
206.68.154.151,
31.60.228.48,
204.6.88.32,
23.118.111.178,
154.94.228.125,
68.23.68.159,
175.178.148.74,
30.42.178.130,
165.207.241.126,
2.216.149.30,
159.207.217.68,
16.104.21.4,
16.165.30.153,
88.2.22.31,
226.176.88.21,
124.151.181.193,
181.106.109.192,
186.93.111.70,
31.178.113.226,
167.203.48.239,
165.81.124.233,
115.66.165.43,
74.30.88.104,
208.68.5.42,
179.64.192.151,
179.81.172.112,
179.66.117.151,
239.49.5.100,
14.13.171.126,
130.45.115.31,
192.97.111.115,
126.82.179.39,
6.26.86.239,
73.31.149.83,
32.111.186.144,
172.172.32.117,
33.70.218.13,
100.226.117.32,
219.154.6.254,
139.43.123.83,
26.4.215.241,
16.216.206.195,
162.225.111.241,
49.122.148.111,
4.219.207.91,
56.126.212.166,
195.111.233.26,
197.6.68.13,
39.211.111.13,
106.123.242.68,
112.26.216.179,
4.24.31.47,
56.181.171.172,
233.31.207.5,
195.180.252.88,
74.192.117.32,
104.230.111.125,
143.88.20.231,
22.21.2.119,
88.61.167.148,
165.103.126.231,
2.138.159.151,
24.104.81.14,
4.130.40.14,
106.136.218.243,
22.52.252.4,
238.4.128.28,
112.111.43.203,
159.83.115.9,
203.83.70.14,
152.111.13.8,
45.100.111.107,
117.82.78.223,
16.149.47.254,
125.9.192.88,
136.42.126.223,
74.125.117.179,
193.230.91.238,
31.28.242.178,
216.111.199.151,
95.140.20.196,
81.106.49.203,
45.193.97.109,
176.252.252.73,
150.219.36.149,
74.172.212.143,
13.231.61.118,
4.4.159.216,
104.195.148.88,
32.103.111.125,
115.73.112.143,
195.70.226.237,
64.186.124.218,
11.128.84.198,
207.6.154.4,
126.182.184.231,
109.186.42.79,
106.212.52.193,
14.220.160.78,
237.16.252.4,
4.53.83.135,
82.4.30.84,
239.125.5.187,
45.65.48.5,
119.151.26.4,
228.103.219.97,
212.88.52.144,
162.217.124.173,
115.134.125.122,
74.30.49.43,
206.193.180.49,
217.175.113.28,
199.49.142.239,
180.252.97.139,
195.31.187.92,
30.61.178.220,
0.28.165.39,
149.192.109.136,
207.112.252.180,
139.162.151.64,
94.31.130.211,
97.254.216.26,
82.73.56.172,
111.180.254.82,
81.31.107.52,
142.181.151.215,
115.13.4.82,
216.238.31.16,
84.148.109.170,
144.142.130.13,
123.151.82.204,
83.66.88.30,
186.139.24.68,
135.238.162.35,
254.149.212.43,
237.244.6.109,
226.22.82.128,
237.36.204.4,
180.30.3.26,
198.56.139.252,
31.184.229.223,
74.47.6.14,
94.197.45.154,
20.231.111.182,
43.195.254.124,
4.104.6.16,
28.203.94.198,
59.233.34.228,
111.153.100.49,
74.182.181.112,
8.252.88.39,
219.28.206.2,
39.4.218.249,
217.73.4.199,
68.14.130.130,
172.49.52.82,
79.192.130.24,
166.159.104.151,
91.73.217.254,
78.78.82.70,
45.82.171.150,
0.238.112.252,
100.79.97.45,
82.139.118.166,
176.217.159.88,
131.115.130.239,
48.130.249.223,
42.228.82.186,
203.104.111.82,
180.193.231.130,
59.35.31.252,
49.254.16.150,
48.217.62.159,
62.5.43.21,
20.43.179.53,
243.4.35.24,
4.26.43.252,
207.28.179.52,
26.243.149.225,
240.72.195.78,
238.207.59.2,
131.16.126.45,
143.42.192.153,
103.192.230.68,
53.31.9.26,
5.68.187.254,
125.252.136.109,
88.249.231.68,
223.30.97.70,
26.83.88.198,
6.242.228.204,
151.226.126.229,
11.111.4.82,
70.52.151.82,
53.196.43.123,
89.220.197.153,
45.124.66.203,
20.252.42.83,
115.228.32.136,
88.106.252.60,
48.13.254.28,
184.138.159.136,
166.31.193.138,
2.165.36.122,
31.14.152.103,
173.130.82.82,
170.130.204.215,
126.13.206.5,
84.13.55.45,
11.111.34.219,
103.78.6.31,
198.167.83.229,
174.193.31.31,
5.35.131.123,
186.111.204.117,
45.151.216.53,
178.212.36.217,
198.160.206.175,
179.9.193.4,
93.221.113.208,
112.92.125.178,
238.161.88.203,
193.111.212.95,
212.66.179.69,
4.241.84.179,
244.5.97.211,
148.24.30.159,
159.207.91.219,
216.179.212.220,
111.49.192.153,
172.161.124.204,
153.134.112.199,
112.83.151.151,
162.124.2.161,
179.24.119.45,
49.72.198.83,
31.32.140.148,
165.112.32.78,
107.45.45.239,
162.13.130.113,
142.107.109.35,
92.97.244.211,
92.92.72.55,
212.24.89.2,
179.149.49.74,
94.73.49.207,
26.172.36.56,
119.92.94.83,
130.225.22.115,
53.45.21.165,
88.5.170.131,
123.243.55.166,
149.204.165.196,
151.42.136.30,
139.48.175.240,
161.126.106.223,
126.70.119.193,
83.207.254.4,
216.92.28.82,
42.243.237.195,
83.4.180.171,
237.218.122.61,
49.230.219.180,
170.148.216.107,
186.49.144.160,
2.21.206.60,
70.109.6.0,
226.98.21.35,
254.167.3.233,
40.218.106.195,
111.68.192.207,
207.64.144.216,
82.159.69.171,
0.126.131.103,
112.43.218.125,
36.31.62.45,
31.181.119.16,
172.82.203.154,
24.134.230.150,
104.88.187.226,
28.28.184.193,
24.170.106.82,
115.115.3.86,
53.241.40.81,
31.171.179.138,
112.238.32.70,
204.13.149.193,
32.107.192.148,
45.82.4.6,
119.89.211.48,
195.113.211.112,
4.175.34.70,
95.95.84.134,
74.20.13.36,
4.21.192.180,
154.159.254.93,
95.31.33.100,
31.178.218.36,
153.252.31.106,
122.115.228.83,
111.126.241.52,
59.175.151.113,
207.242.112.13,
192.45.249.252,
126.2.144.118,
31.104.226.242,
239.130.216.150,
8.31.74.6,
219.217.162.171,
179.134.216.112,
28.219.42.52,
148.13.226.204,
74.212.243.192,
28.14.182.91,
4.79.242.61,
176.125.176.20,
195.180.238.98,
52.115.31.74,
204.238.212.36,
193.204.106.165,
107.195.91.109,
13.197.13.151,
161.195.13.31,
162.111.203.5,
192.84.72.91,
30.138.68.223,
73.174.2.193,
5.119.204.4,
52.5.92.97,
49.239.204.52,
161.220.2.66,
9.166.86.237,
143.13.52.111,
139.217.171.229,
36.111.31.52,
109.61.130.229,
111.216.42.172,
254.180.92.212,
49.243.112.192,
47.220.178.160,
5.167.117.117,
104.8.106.16,
187.28.28.226,
103.82.4.84,
193.9.148.28,
112.126.221.151,
70.130.89.2,
100.161.192.151,
239.74.241.115,
215.226.115.192,
82.30.32.13,
196.4.82.151,
217.94.192.217,
28.135.149.30,
66.142.2.175,
45.6.175.118,
196.111.198.33,
103.130.179.106,
229.104.144.195,
13.172.92.48,
88.83.82.207,
219.228.93.197,
216.229.13.140,
212.134.192.31,
195.226.226.151,
199.92.73.4,
226.162.35.23,
124.230.28.107,
161.165.134.73,
199.98.26.193,
178.212.100.174,
91.118.134.92,
125.238.153.237,
115.149.112.55,
231.125.0.40,
13.243.125.228,
65.238.4.113,
9.165.74.52,
225.78.126.244,
89.59.226.192,
49.66.174.86,
72.49.34.111,
47.215.82.107,
32.30.9.126,
30.171.128.111,
199.79.197.252,
112.53.24.170,
149.119.142.4,
103.240.203.88,
112.159.70.97,
64.66.180.93,
70.31.193.172,
219.55.97.128,
230.21.171.30,
241.97.254.79,
126.219.61.24,
171.28.173.174,
115.59.153.117,
204.180.60.139,
219.21.148.219,
193.20.31.82,
104.5.111.33,
126.192.43.217,
98.153.218.156,
148.48.52.31,
115.118.70.47,
30.22.113.233,
180.223.112.32,
24.199.204.186,
203.207.226.239,
4.32.125.180,
30.73.238.152,
180.8.33.139,
181.159.55.252,
143.240.136.223,
122.86.216.66,
64.128.14.40,
4.216.62.240,
2.92.193.199,
26.176.60.104,
154.43.112.140,
160.56.178.126,
134.159.82.36,
88.5.31.156,
88.161.88.182,
74.52.8.0,
151.26.203.230,
48.162.220.100,
144.240.161.45,
111.124.82.239,
131.82.31.111,
74.13.117.252,
89.135.140.4,
161.159.66.2,
113.4.61.178,
45.6.193.199,
13.206.26.40,
175.73.156.112,
215.179.135.215,
103.111.123.21,
153.109.212.16,
171.49.103.92,
148.56.152.219,
91.223.4.230,
49.126.167.203,
219.112.109.244,
115.92.92.24,
53.148.86.113,
2.130.142.160,
131.31.2.181,
199.104.2.89,
2.49.176.175,
206.11.161.197,
193.167.219.36,
70.39.151.26,
151.128.81.36,
123.126.43.4,
43.180.83.217,
74.254.156.219,
13.228.228.130,
103.195.74.40,
149.165.178.192,
219.125.150.2,
49.226.14.219,
52.107.244.82,
252.74.225.184,
97.106.28.2,
78.84.151.239,
13.89.180.107,
124.162.148.92,
206.106.40.112,
199.20.151.0,
4.239.171.5,
24.211.211.150,
48.215.109.175,
61.134.4.175,
149.31.82.111,
34.154.204.64,
82.56.187.148,
151.174.22.215,
3.88.148.31,
156.131.56.55,
79.89.49.59,
219.215.156.182,
151.70.88.2,
88.49.237.217,
199.94.112.79,
156.88.70.240,
199.180.0.35,
74.159.175.240,
207.203.28.211,
49.48.218.106,
79.144.83.126,
138.135.4.143,
28.64.208.196,
23.45.252.215,
207.135.138.237,
23.88.175.115,
143.47.204.226,
254.182.138.225,
66.237.143.111,
107.179.216.138,
34.112.16.111,
242.36.219.239,
211.30.193.40,
56.9.74.199,
47.5.151.243,
4.254.23.88,
112.195.180.180,
82.2.184.134,
13.52.32.179,
211.107.167.43,
42.65.153.199,
26.23.126.184,
193.91.62.144,
113.28.49.9,
217.104.4.125,
207.69.94.237,
134.130.178.179,
165.252.31.3,
233.68.207.153,
119.166.161.230,
115.142.154.111,
252.52.11.181,
40.211.249.68,
55.123.192.124,
151.193.216.2,
134.70.148.43,
252.2.117.49,
207.30.230.212,
62.218.125.11,
82.219.162.161,
48.82.254.244,
36.92.32.2,
184.59.81.2,
31.20.49.181,
68.42.36.225,
79.215.140.196,
70.74.179.16,
74.207.55.221,
160.70.49.171,
174.103.226.112,
252.45.173.240,
32.24.74.47,
172.111.219.103,
8.233.45.212,
195.88.151.148,
5.231.204.26,
4.65.192.254,
49.82.45.21,
195.128.2.237,
97.26.128.223,
72.119.2.69,
30.70.3.175,
216.216.14.117,
229.24.79.94,
33.179.192.61,
4.113.100.13,
52.49.95.220,
109.111.83.148,
126.6.131.193,
112.91.2.107,
9.199.45.56,
112.223.111.28,
21.178.106.49,
131.35.207.151,
31.184.93.24,
100.0.122.62,
5.111.122.82,
180.197.170.74,
186.45.24.134,
143.130.92.69,
111.217.180.174,
182.72.106.122,
28.30.130.62,
142.229.207.66,
82.207.124.31,
254.212.111.142,
207.111.88.45,
138.180.128.219,
131.98.6.225,
118.175.181.73,
148.31.31.33,
193.237.97.254,
100.144.43.192,
134.30.131.111,
62.107.72.139,
207.126.221.193,
172.240.151.195,
98.5.28.0,
196.130.223.165,
48.4.198.143,
82.161.4.161,
231.241.31.88,
160.203.172.117,
82.237.152.203,
104.161.229.93,
176.6.219.109,
179.14.196.211,
79.119.13.48,
123.228.148.242,
112.88.82.88,
59.88.139.97,
8.208.0.82,
106.28.3.162,
193.28.88.74,
97.207.14.228,
42.65.109.112,
94.180.175.52,
239.174.70.153,
118.72.30.195,
68.252.79.192,
199.74.207.174,
94.43.221.233,
2.161.14.252,
45.166.81.193,
82.124.82.192,
142.174.111.161,
39.221.111.174,
124.226.14.49,
150.182.100.172,
16.30.14.225,
73.26.4.142,
106.5.70.109,
28.92.192.162,
107.215.152.180,
136.111.79.151,
203.31.92.31,
5.159.32.165,
131.192.241.55,
199.32.142.128,
178.130.142.220,
171.122.198.206,
20.89.48.171,
187.94.97.74,
123.4.218.30,
179.45.111.4,
125.126.192.112,
69.117.136.170,
149.49.240.197,
48.144.134.30,
28.72.143.180,
218.124.97.88,
134.104.2.228,
207.91.149.122,
31.197.88.23,
13.207.60.149,
9.91.135.204,
79.193.60.149,
33.33.21.31,
89.30.212.249,
207.42.62.228,
52.212.70.178,
24.36.249.26,
162.230.226.170,
152.43.122.171,
47.124.184.212,
197.252.239.119,
68.115.131.130,
195.95.92.13,
45.4.229.30,
4.112.229.104,
138.242.31.31,
240.82.97.226,
151.148.24.179,
159.21.30.23,
171.22.66.28,
124.36.81.103,
249.192.206.48,
2.74.52.103,
30.81.159.69,
179.195.49.0,
221.139.203.173,
149.148.175.69,
2.39.31.149,
68.112.40.220,
11.166.239.197,
161.226.178.52,
52.83.86.4,
92.49.212.182,
237.94.207.30,
24.115.93.109,
123.184.55.243,
2.79.122.11,
83.126.207.88,
238.86.5.159,
2.111.73.126,
153.43.149.84,
223.59.126.112,
31.0.138.36,
151.160.16.125,
193.192.192.178,
226.104.237.2,
230.196.166.113,
165.79.115.106,
111.182.82.216,
242.134.252.179,
93.82.47.123,
151.228.65.219,
134.136.216.111,
151.74.226.24,
239.151.231.28,
203.217.122.160,
95.252.143.28,
252.4.148.31,
21.13.182.26,
8.33.179.237,
208.40.100.111,
162.42.95.66,
2.240.178.94,
45.148.98.5,
112.83.252.186,
42.103.45.21,
4.104.124.142,
74.55.125.186,
31.161.42.159,
20.242.240.243,
180.42.170.187,
66.130.206.151,
82.219.112.119,
56.175.216.128,
143.30.161.151,
187.26.171.39,
175.106.82.31,
184.239.148.179,
156.154.109.216,
153.14.91.212,
8.111.33.78,
152.4.130.5,
216.49.186.47,
244.125.88.31,
179.199.33.208,
30.81.43.195,
8.35.49.97,
49.22.111.28,
30.208.225.187,
65.11.4.130,
136.79.151.178,
117.5.109.151,
151.161.115.192,
204.178.241.135,
244.4.226.109,
49.207.207.123,
74.180.79.187,
93.111.32.5,
198.59.82.93,
134.167.92.212,
94.112.151.32,
239.82.125.123,
92.142.135.254,
179.26.170.14,
83.144.82.212,
30.180.180.30,
212.229.217.20,
193.20.199.2,
93.172.32.106,
125.30.193.175,
33.124.16.72,
30.0.126.151,
88.166.252.81,
165.217.149.226,
122.130.34.11,
197.30.192.4,
134.207.233.182,
92.238.126.59,
4.125.4.193,
230.94.207.220,
156.252.30.14,
178.35.28.238,
176.156.211.166,
126.109.180.180,
215.33.5.178,
174.61.88.49,
31.126.179.104,
112.82.151.52,
111.199.36.131,
95.165.203.151,
70.173.175.22,
140.5.70.148,
226.35.153.136,
59.5.3.11,
111.150.79.161,
195.238.2.53,
36.160.100.199,
94.125.130.21,
59.159.187.66,
218.130.207.28,
171.178.61.162,
88.242.130.171,
216.220.216.16,
212.92.24.11,
31.73.122.79,
100.0.91.215,
74.131.152.149,
104.162.40.149,
225.199.126.109,
128.98.74.59,
226.180.111.181,
113.252.112.216,
217.223.68.128,
192.151.130.32,
109.8.24.48,
78.216.97.175,
31.151.106.4,
130.186.0.61,
204.79.97.26,
28.61.131.56,
53.31.69.112,
208.148.92.95,
30.180.104.100,
208.72.40.115,
130.13.59.216,
112.86.218.8,
221.104.217.192,
2.149.212.13,
150.47.107.130,
45.53.82.60,
223.140.166.4,
152.28.26.32,
135.252.134.111,
111.49.252.128,
244.112.97.43,
124.112.52.228,
254.92.172.115,
165.130.32.28,
180.72.45.34,
173.31.212.36,
167.179.130.31,
162.34.239.180,
242.154.124.178,
184.208.197.135,
242.112.165.148,
195.212.68.8,
237.31.217.73,
195.31.156.203,
109.30.79.151,
97.13.130.49,
138.45.160.218,
216.112.31.109,
72.104.88.161,
23.173.206.151,
70.107.40.151,
61.124.88.93,
119.226.24.192,
97.82.178.60,
104.233.136.252,
93.30.218.70,
172.237.231.106,
175.203.28.31,
219.170.208.92,
149.199.78.82,
180.32.160.92,
104.216.111.22,
111.203.231.83,
241.125.24.122,
45.111.28.70,
136.175.140.115,
3.195.180.111,
187.135.225.199,
138.175.97.93,
119.81.151.117,
199.125.31.174,
151.152.73.172,
88.112.126.74,
91.119.35.49,
2.24.197.31,
4.179.159.170,
199.217.113.104,
165.175.204.3,
92.151.131.32,
211.152.24.35,
150.89.192.72,
231.231.42.180,
30.59.181.167,
126.6.111.123,
159.193.113.49,
228.70.239.88,
176.204.216.161,
161.125.28.218,
122.115.254.140,
82.21.31.130,
196.180.74.82,
229.68.62.22,
103.140.180.5,
70.195.92.216,
104.31.244.130,
226.252.172.230,
151.115.197.34,
187.23.82.126,
231.134.199.42,
195.179.125.148,
5.34.203.74,
8.28.36.174,
30.159.42.66,
115.43.206.216,
100.106.48.123,
30.212.82.173,
74.0.151.112,
2.103.97.24,
128.39.94.43,
118.48.84.204,
159.111.151.45,
68.134.82.83,
161.24.89.130,
175.26.86.206,
192.180.223.20,
3.82.216.5,
74.192.161.45,
122.136.88.97,
136.156.109.204,
130.174.186.78,
30.100.125.64,
149.220.179.142,
167.111.8.26,
126.126.104.212,
149.78.45.33,
107.88.192.254,
139.111.216.243,
13.195.203.32,
61.254.42.187,
91.123.208.2,
3.16.153.106,
82.43.95.162,
86.199.45.124,
167.52.104.215,
4.31.115.115,
72.208.204.182,
154.24.49.32,
199.32.88.228,
0.24.97.66,
140.111.135.143,
159.34.207.239,
4.135.94.216,
92.240.13.4,
2.33.193.28,
179.48.115.254,
195.135.225.82,
49.24.192.79,
30.218.149.159,
40.79.181.5,
14.143.78.115,
138.148.196.218,
60.212.143.20,
95.148.6.26,
13.49.148.239,
34.159.166.2,
178.94.42.180,
195.128.5.241,
212.165.161.195,
252.112.216.103,
83.55.172.226,
193.161.31.172,
160.60.4.159,
16.244.24.212,
204.5.130.93,
178.151.254.151,
223.196.55.13,
48.149.82.142,
172.156.211.178,
66.130.106.31,
32.28.28.112,
184.130.150.2,
26.176.135.109,
139.115.207.36,
40.216.43.128,
124.219.26.151,
94.212.49.2,
65.111.178.254,
126.82.115.112,
20.31.30.197,
212.125.23.206,
254.69.193.52,
226.16.128.254,
175.88.73.220,
68.95.207.0,
182.64.79.81,
28.154.98.65,
104.103.69.150,
115.52.130.240,
70.216.228.173,
136.192.152.115,
204.4.162.186,
193.115.24.39,
208.32.208.152,
207.212.74.73,
48.48.151.65,
43.148.112.208,
2.148.170.89,
172.104.231.104,
197.86.5.124,
192.24.74.4,
220.212.239.53,
182.97.104.231,
128.199.111.139,
219.186.142.156,
162.31.126.2,
172.81.180.43,
151.176.223.239,
26.216.34.4,
53.252.0.16,
252.106.186.65,
229.219.74.206,
36.45.92.92,
148.49.192.172,
196.193.226.84,
220.179.192.49,
23.184.254.128,
174.117.125.109,
5.181.24.212,
156.124.39.179,
82.49.134.88,
93.159.32.148,
134.35.243.109,
49.237.140.130,
151.55.49.148,
216.134.34.254,
39.195.4.175,
170.206.111.3,
24.217.172.212,
192.112.68.154,
32.66.153.118,
31.203.117.207,
32.47.115.136,
208.111.171.33,
48.252.69.148,
70.61.230.207,
70.60.45.159,
48.151.47.68,
186.186.55.165,
45.233.172.124,
28.204.196.122,
228.195.140.65,
180.111.82.13,
192.123.13.151,
143.104.55.32,
48.74.228.238,
167.79.193.20,
107.172.226.207,
106.151.180.112,
78.69.238.49,
170.47.195.74,
119.35.125.28,
199.184.192.151,
74.35.43.207,
6.208.242.195,
56.68.4.117,
226.30.35.112,
124.223.196.4,
23.203.151.111,
199.172.24.9,
49.73.220.149,
119.59.2.180,
56.126.182.204,
181.199.196.111,
159.49.62.199,
68.22.79.82,
128.23.218.130,
130.56.149.130,
109.215.74.40,
34.4.165.23,
166.62.136.31,
69.143.149.31,
153.192.35.167,
135.4.111.92,
216.192.13.103,
136.217.11.219,
14.243.33.111,
199.60.104.151,
106.225.139.199,
30.212.197.254,
49.165.181.30,
4.243.244.49,
233.91.122.148,
126.115.2.179,
139.88.82.161,
94.106.113.48,
186.130.237.135,
180.56.179.130,
22.195.192.97,
81.40.156.30,
156.111.91.230,
92.125.229.39,
171.173.91.47,
5.218.123.83,
79.237.228.43,
119.28.216.82,
118.106.88.98,
40.88.142.24,
70.69.181.88,
152.192.207.104,
78.28.107.119,
111.203.180.78,
173.16.130.154,
149.59.126.62,
69.111.24.193,
5.161.52.230,
47.111.204.171,
171.43.128.52,
70.161.32.13,
216.219.143.172,
226.34.124.26,
125.176.74.100,
237.59.65.2,
64.32.207.151,
106.219.33.252,
124.28.88.8,
70.162.159.2,
216.14.104.97,
125.195.28.91,
252.59.144.30,
126.82.74.156,
151.2.9.192,
134.30.73.204,
161.218.165.100,
70.78.172.49,
150.81.216.206,
130.148.176.223,
223.100.175.103,
167.148.172.59,
66.40.139.82,
45.98.192.212,
199.115.83.252,
153.204.24.130,
219.161.13.104,
159.208.109.109,
195.59.68.45,
165.60.42.2,
23.82.31.239,
94.181.73.97,
172.242.79.115,
198.30.112.225,
111.94.115.152,
237.78.153.152,
186.153.240.179,
31.239.233.79,
195.21.151.5,
111.32.49.193,
192.123.79.195,
192.125.179.187,
104.95.166.89,
204.66.30.106,
143.2.45.192,
23.30.112.154,
31.254.208.159,
56.207.217.79,
81.144.106.74,
138.69.216.254,
156.122.186.30,
107.82.187.45,
165.13.225.207,
178.26.113.26,
136.79.32.217,
126.106.197.70,
78.161.109.40,
59.207.106.193,
149.195.119.165,
49.124.128.126,
74.5.52.49,
199.61.126.221,
135.30.30.70,
82.166.140.237,
186.178.219.192,
181.221.13.26,
42.161.92.149,
32.4.195.30,
56.139.149.6,
139.112.193.167,
79.43.34.138,
218.107.124.98,
154.175.174.162,
136.193.111.161,
109.125.166.6,
66.252.153.140,
195.95.252.30,
0.3.212.88,
68.4.199.32,
43.31.139.193,
70.86.151.14,
53.32.178.243,
149.237.31.33,
211.219.52.16,
148.49.207.207,
73.204.212.206,
35.59.175.167,
187.13.47.182,
95.161.192.149,
118.174.254.13,
192.30.106.11,
22.179.203.195,
228.5.196.237,
5.131.119.161,
199.192.48.43,
211.82.113.70,
182.237.5.128,
220.187.45.112,
226.124.167.112,
52.229.195.13,
216.104.61.59,
160.23.208.193,
107.216.159.49,
23.14.34.199,
104.216.135.74,
138.130.81.81,
28.28.30.143,
165.207.148.39,
111.100.172.166,
148.107.206.148,
56.74.144.152,
138.212.79.6,
43.6.206.5,
122.34.74.225,
195.92.30.176,
92.161.52.239,
192.61.128.45,
39.30.198.89,
204.212.153.196,
221.74.122.196,
144.22.111.231,
62.219.88.111,
112.207.31.171,
199.124.70.152,
5.40.42.252,
55.31.144.229,
82.82.193.231,
154.241.139.34,
31.254.240.176,
5.165.176.94,
165.135.231.31,
32.5.192.171,
128.230.249.74,
134.78.254.134,
92.112.49.243,
226.124.242.212,
130.252.182.149,
138.5.254.34,
165.216.151.97,
83.241.52.220,
128.212.126.193,
95.244.153.45,
119.109.179.2,
59.4.91.74,
70.220.216.69,
20.193.207.226,
124.118.237.174,
223.239.28.113,
49.3.61.13,
136.229.60.83,
24.124.45.131,
113.28.239.154,
226.175.215.231,
111.204.159.13,
92.207.136.171,
79.115.216.30,
56.32.252.142,
31.49.23.159,
40.30.112.175,
32.197.109.84,
34.24.8.182,
24.23.151.82,
82.74.11.223,
151.52.186.217,
49.159.3.204,
203.111.139.94,
8.207.28.252,
240.142.130.237,
241.151.26.2,
240.220.79.22,
88.138.88.28,
9.206.112.159,
88.195.153.109,
88.159.68.211,
21.32.242.228,
8.88.123.78,
100.82.104.84,
88.74.165.4,
162.83.79.203,
103.252.30.181,
97.52.249.49,
241.216.82.220,
206.126.171.39,
207.176.73.139,
206.150.65.180,
206.5.184.126,
11.30.8.239,
162.36.180.170,
109.4.178.216,
14.82.195.221,
92.93.92.111,
181.254.82.134,
203.86.242.136,
124.45.126.2,
148.32.112.28,
64.36.148.11,
4.112.130.203,
223.244.81.79,
112.212.31.39,
66.88.97.180,
161.161.103.216,
124.136.115.33,
86.170.238.103,
5.151.106.92,
32.180.212.111,
193.94.172.130,
23.97.52.140,
212.229.16.162,
112.204.111.31,
104.97.88.103,
161.180.216.91,
100.252.30.254,
92.4.13.26,
49.151.151.88,
148.78.28.230,
26.195.217.68,
30.151.2.134,
239.124.218.125,
111.30.13.203,
61.175.172.111,
252.93.142.115,
49.115.130.13,
179.34.104.136,
73.88.226.49,
173.111.130.140,
228.187.239.119,
2.86.9.199,
151.111.106.150,
112.180.24.218,
151.126.243.149,
203.24.68.111,
186.181.161.254,
154.5.162.52,
83.31.2.249,
52.125.45.45,
128.126.52.212,
139.249.93.180,
62.28.64.243,
229.43.79.83,
16.93.151.130,
167.60.143.233,
218.2.252.160,
82.172.242.89,
16.26.5.103,
125.103.252.138,
192.153.130.150,
94.86.97.22,
203.88.117.111,
2.53.68.24,
4.100.45.196,
126.119.83.79,
26.221.111.52,
28.117.140.36,
211.32.204.61,
239.31.64.180,
130.160.139.59,
66.130.254.115,
193.221.126.4,
109.26.30.238,
32.180.30.126,
74.103.134.4,
13.0.243.150,
165.136.206.52,
195.252.111.100,
218.151.192.39,
115.48.88.217,
70.240.130.162,
47.254.30.217,
34.4.161.207,
45.34.88.170,
175.223.195.136,
88.4.198.40,
143.241.26.241,
130.82.83.151,
88.30.156.66,
112.166.59.124,
130.60.81.43,
49.92.59.11,
100.66.207.79,
48.130.149.124,
91.215.68.136,
229.175.223.47,
239.179.32.172,
254.34.115.149,
31.238.156.161,
111.65.175.233,
180.74.24.203,
142.95.103.156,
26.32.74.207,
112.252.219.117,
104.31.216.8,
83.11.216.138,
8.204.24.42,
74.128.172.165,
130.171.228.32,
48.212.159.52,
130.8.109.72,
93.24.13.26,
212.148.82.84,
225.160.128.2,
53.30.28.126,
92.4.130.47,
162.92.40.82,
126.223.3.56,
238.31.212.4,
48.23.139.162,
178.30.252.207,
31.199.181.47,
138.111.152.28,
92.233.242.212,
68.97.150.207,
106.218.176.131,
47.13.216.192,
208.229.115.216,
211.239.160.149,
252.40.167.52,
207.52.186.126,
244.254.243.130,
103.21.2.4,
21.175.126.26,
